year,month,day,skt
1961,5,1,-1.1999877929687273
1961,5,2,-1.3500122070312273
1961,5,3,-3.1399902343749773
1961,5,4,-4.170019531249977
1961,5,5,-2.6999877929687273
1961,5,6,-1.8700012207031023
1961,5,7,-1.1399902343749773
1961,5,8,-0.42001953124997726
1961,5,9,-0.05002441406247726
1961,5,10,-1.2999938964843523
1961,5,11,-2.0499938964843523
1961,5,12,-3.6700195312499773
1961,5,13,-1.0000061035156023
1961,5,14,-0.5000061035156023
1961,5,15,-0.05002441406247726
1961,5,16,-0.05002441406247726
1961,5,17,-0.05002441406247726
1961,5,18,-0.05002441406247726
1961,5,19,-0.6399902343749773
1961,5,20,-0.37000122070310226
1961,5,21,-1.3500122070312273
1961,5,22,-0.05002441406247726
1961,5,23,-0.31998291015622726
1961,5,24,-2.0499938964843523
1961,5,25,-0.6200012207031023
1961,5,26,-1.5199951171874773
1961,5,27,-0.05002441406247726
1961,5,28,-0.22000732421872726
1961,5,29,-0.05002441406247726
1961,5,30,-0.05002441406247726
1961,5,31,-0.05002441406247726
1962,5,1,-4.750006103515602
1962,5,2,-1.4499877929687273
1962,5,3,-3.0199951171874773
1962,5,4,-3.3199829101562273
1962,5,5,-2.6399902343749773
1962,5,6,-0.5499938964843523
1962,5,7,-0.05002441406247726
1962,5,8,-0.25000610351560226
1962,5,9,-1.3700012207031023
1962,5,10,-0.31998291015622726
1962,5,11,-0.06998291015622726
1962,5,12,-0.05002441406247726
1962,5,13,-0.5699829101562273
1962,5,14,-1.3500122070312273
1962,5,15,-0.05002441406247726
1962,5,16,-3.0199951171874773
1962,5,17,-0.17001953124997726
1962,5,18,-0.05002441406247726
1962,5,19,-0.05002441406247726
1962,5,20,-0.05002441406247726
1962,5,21,-0.6700195312499773
1962,5,22,-2.9700073242187273
1962,5,23,-1.2999938964843523
1962,5,24,-0.05002441406247726
1962,5,25,-0.05002441406247726
1962,5,26,-0.05002441406247726
1962,5,27,-0.05002441406247726
1962,5,28,-0.6999877929687273
1962,5,29,-2.5199951171874773
1962,5,30,-2.1999877929687273
1962,5,31,-0.8500122070312273
1963,5,1,-0.6399902343749773
1963,5,2,-0.05002441406247726
1963,5,3,-0.05002441406247726
1963,5,4,0.05999145507814774
1963,5,5,0.05999145507814774
1963,5,6,0.14998779296877274
1963,5,7,0.14998779296877274
1963,5,8,0.14998779296877274
1963,5,9,0.24999389648439774
1963,5,10,0.36000976562502274
1963,5,11,0.36000976562502274
1963,5,12,0.44997558593752274
1963,5,13,0.44997558593752274
1963,5,14,0.5599914550781477
1963,5,15,0.5599914550781477
1963,5,16,0.6499877929687727
1963,5,17,0.7499938964843977
1963,5,18,0.9499755859375227
1963,5,19,1.0599914550781477
1963,5,20,1.1499877929687727
1963,5,21,1.2499938964843977
1963,5,22,1.3600097656250227
1963,5,23,1.5599914550781477
1963,5,24,1.6499877929687727
1963,5,25,1.7499938964843977
1963,5,26,1.8600097656250227
1963,5,27,1.9499755859375227
1963,5,28,2.1499877929687727
1963,5,29,2.2499938964843977
1963,5,30,2.3600097656250227
1963,5,31,2.4499755859375227
1964,5,1,-11.720007324218727
1964,5,2,-7.389990234374977
1964,5,3,-3.3500122070312273
1964,5,4,-5.470007324218727
1964,5,5,-8.940008544921852
1964,5,6,-10.299993896484352
1964,5,7,-7.250006103515602
1964,5,8,-6.750006103515602
1964,5,9,-8.190008544921852
1964,5,10,-8.750006103515602
1964,5,11,-4.049993896484352
1964,5,12,-1.1000122070312273
1964,5,13,-0.05002441406247726
1964,5,14,-0.13999023437497726
1964,5,15,-3.6900085449218523
1964,5,16,-5.819982910156227
1964,5,17,-0.37000122070310226
1964,5,18,-0.05002441406247726
1964,5,19,-0.06998291015622726
1964,5,20,-1.2999938964843523
1964,5,21,-2.8199829101562273
1964,5,22,-2.3500122070312273
1964,5,23,-1.2200073242187273
1964,5,24,-1.4700073242187273
1964,5,25,-0.6200012207031023
1964,5,26,-2.5000061035156023
1964,5,27,-1.7200073242187273
1964,5,28,-2.0699829101562273
1964,5,29,-0.05002441406247726
1964,5,30,-0.05002441406247726
1964,5,31,-1.5499938964843523
1965,5,1,-0.7999938964843523
1965,5,2,-0.25000610351560226
1965,5,3,-0.25000610351560226
1965,5,4,-0.13999023437497726
1965,5,5,-0.05002441406247726
1965,5,6,-0.05002441406247726
1965,5,7,0.05999145507814774
1965,5,8,0.05999145507814774
1965,5,9,0.14998779296877274
1965,5,10,0.14998779296877274
1965,5,11,0.24999389648439774
1965,5,12,0.24999389648439774
1965,5,13,0.36000976562502274
1965,5,14,0.36000976562502274
1965,5,15,0.44997558593752274
1965,5,16,0.5599914550781477
1965,5,17,0.6499877929687727
1965,5,18,0.8600097656250227
1965,5,19,0.9499755859375227
1965,5,20,1.0599914550781477
1965,5,21,1.1499877929687727
1965,5,22,1.2499938964843977
1965,5,23,1.4499755859375227
1965,5,24,1.5599914550781477
1965,5,25,1.6499877929687727
1965,5,26,1.7499938964843977
1965,5,27,1.8600097656250227
1965,5,28,1.9499755859375227
1965,5,29,2.0599914550781477
1965,5,30,2.1499877929687727
1965,5,31,2.2499938964843977
1966,5,1,-3.2699951171874773
1966,5,2,-2.1700195312499773
1966,5,3,-4.100012207031227
1966,5,4,-3.7900146484374773
1966,5,5,-5.600012207031227
1966,5,6,-5.819982910156227
1966,5,7,-8.319982910156227
1966,5,8,-10.340002441406227
1966,5,9,-8.670019531249977
1966,5,10,-8.220007324218727
1966,5,11,-8.100012207031227
1966,5,12,-4.940008544921852
1966,5,13,-0.05002441406247726
1966,5,14,-3.9200195312499773
1966,5,15,-10.819982910156227
1966,5,16,-10.670019531249977
1966,5,17,-7.350012207031227
1966,5,18,-3.6200012207031023
1966,5,19,-0.29999389648435226
1966,5,20,-1.1399902343749773
1966,5,21,-3.5699829101562273
1966,5,22,-6.769995117187477
1966,5,23,-2.3700012207031023
1966,5,24,-1.6200012207031023
1966,5,25,-0.6999877929687273
1966,5,26,-1.6700195312499773
1966,5,27,-3.3199829101562273
1966,5,28,-4.549993896484352
1966,5,29,-4.100012207031227
1966,5,30,-0.25000610351560226
1966,5,31,-0.05002441406247726
1967,5,1,0.11000976562502274
1967,5,2,0.8600097656250227
1967,5,3,0.9499755859375227
1967,5,4,0.9499755859375227
1967,5,5,0.9499755859375227
1967,5,6,1.0599914550781477
1967,5,7,1.0599914550781477
1967,5,8,1.1499877929687727
1967,5,9,1.1499877929687727
1967,5,10,1.1499877929687727
1967,5,11,1.2499938964843977
1967,5,12,1.2499938964843977
1967,5,13,1.2499938964843977
1967,5,14,1.3600097656250227
1967,5,15,1.3600097656250227
1967,5,16,1.4499755859375227
1967,5,17,1.5599914550781477
1967,5,18,1.6499877929687727
1967,5,19,1.6499877929687727
1967,5,20,1.7499938964843977
1967,5,21,1.8600097656250227
1967,5,22,1.9499755859375227
1967,5,23,2.0599914550781477
1967,5,24,2.1499877929687727
1967,5,25,2.2499938964843977
1967,5,26,2.3600097656250227
1967,5,27,2.4499755859375227
1967,5,28,2.5599914550781477
1967,5,29,2.6499877929687727
1967,5,30,2.7499938964843977
1967,5,31,2.8600097656250227
1968,5,1,-6.370001220703102
1968,5,2,-8.690008544921852
1968,5,3,-6.750006103515602
1968,5,4,-0.05002441406247726
1968,5,5,-0.25000610351560226
1968,5,6,-0.10001220703122726
1968,5,7,-0.8500122070312273
1968,5,8,-3.9700073242187273
1968,5,9,-0.8199829101562273
1968,5,10,-0.06998291015622726
1968,5,11,-0.05002441406247726
1968,5,12,-0.47000732421872726
1968,5,13,-2.5000061035156023
1968,5,14,-2.1399902343749773
1968,5,15,-2.4400085449218523
1968,5,16,-2.8700012207031023
1968,5,17,-2.7500061035156023
1968,5,18,-3.0699829101562273
1968,5,19,-1.1999877929687273
1968,5,20,-0.6200012207031023
1968,5,21,-1.1000122070312273
1968,5,22,-1.2999938964843523
1968,5,23,-1.0699829101562273
1968,5,24,-1.5000061035156023
1968,5,25,-3.0000061035156023
1968,5,26,-3.3899902343749773
1968,5,27,-2.0499938964843523
1968,5,28,-0.05002441406247726
1968,5,29,-0.05002441406247726
1968,5,30,-0.05002441406247726
1968,5,31,-2.0699829101562273
1969,5,1,-0.7300170898437273
1969,5,2,-0.16000976562497726
1969,5,3,-0.16000976562497726
1969,5,4,-0.05002441406247726
1969,5,5,0.05001220703127274
1969,5,6,0.05001220703127274
1969,5,7,0.14998779296877274
1969,5,8,0.24999389648439774
1969,5,9,0.24999389648439774
1969,5,10,0.33999023437502274
1969,5,11,0.44997558593752274
1969,5,12,0.44997558593752274
1969,5,13,0.5500122070312727
1969,5,14,0.5500122070312727
1969,5,15,0.6499877929687727
1969,5,16,0.7499938964843977
1969,5,17,0.9499755859375227
1969,5,18,1.0500122070312727
1969,5,19,1.2499938964843977
1969,5,20,1.3399902343750227
1969,5,21,1.5500122070312727
1969,5,22,1.6499877929687727
1969,5,23,1.8399902343750227
1969,5,24,1.9499755859375227
1969,5,25,2.1499877929687727
1969,5,26,2.2499938964843977
1969,5,27,2.4499755859375227
1969,5,28,2.5500122070312727
1969,5,29,2.6499877929687727
1969,5,30,2.8399902343750227
1969,5,31,2.9499755859375227
1970,5,1,-5.600012207031227
1970,5,2,-7.449987792968727
1970,5,3,-3.1700195312499773
1970,5,4,-3.5400146484374773
1970,5,5,-4.299993896484352
1970,5,6,-3.0499938964843523
1970,5,7,-2.5199951171874773
1970,5,8,-3.8700012207031023
1970,5,9,-3.6000122070312273
1970,5,10,-1.1700195312499773
1970,5,11,-0.8700012207031023
1970,5,12,-1.4499877929687273
1970,5,13,-0.10001220703122726
1970,5,14,-1.2200073242187273
1970,5,15,-1.0699829101562273
1970,5,16,-1.0199951171874773
1970,5,17,-0.05002441406247726
1970,5,18,-0.05002441406247726
1970,5,19,-0.5499938964843523
1970,5,20,-0.5499938964843523
1970,5,21,-0.13999023437497726
1970,5,22,-0.12000122070310226
1970,5,23,-0.7699951171874773
1970,5,24,-1.4200195312499773
1970,5,25,-0.06998291015622726
1970,5,26,-0.10001220703122726
1970,5,27,-0.47000732421872726
1970,5,28,-1.0000061035156023
1970,5,29,-0.5499938964843523
1970,5,30,-0.05002441406247726
1970,5,31,-0.05002441406247726
1971,5,1,-5.470007324218727
1971,5,2,-1.8199829101562273
1971,5,3,-3.3199829101562273
1971,5,4,-4.170019531249977
1971,5,5,-1.4700073242187273
1971,5,6,-4.120001220703102
1971,5,7,-1.8899902343749773
1971,5,8,-5.519995117187477
1971,5,9,-4.870001220703102
1971,5,10,-2.9700073242187273
1971,5,11,-3.8500122070312273
1971,5,12,-3.2200073242187273
1971,5,13,-1.0699829101562273
1971,5,14,-0.5199951171874773
1971,5,15,-2.4499877929687273
1971,5,16,-1.7200073242187273
1971,5,17,-3.7500061035156023
1971,5,18,-1.0499938964843523
1971,5,19,-0.29999389648435226
1971,5,20,-1.0000061035156023
1971,5,21,-0.42001953124997726
1971,5,22,-0.13999023437497726
1971,5,23,-0.10001220703122726
1971,5,24,-0.05002441406247726
1971,5,25,-0.05002441406247726
1971,5,26,-0.10001220703122726
1971,5,27,-0.12000122070310226
1971,5,28,-0.8700012207031023
1971,5,29,-0.7999938964843523
1971,5,30,-0.05002441406247726
1971,5,31,-0.05002441406247726
1972,5,1,-1.4700073242187273
1972,5,2,-0.05002441406247726
1972,5,3,-0.05002441406247726
1972,5,4,-1.7200073242187273
1972,5,5,-0.38999023437497726
1972,5,6,-0.5199951171874773
1972,5,7,-1.9499877929687273
1972,5,8,-0.44998779296872726
1972,5,9,-0.7699951171874773
1972,5,10,-0.6399902343749773
1972,5,11,-1.0000061035156023
1972,5,12,-2.2699951171874773
1972,5,13,-0.8500122070312273
1972,5,14,-1.3199829101562273
1972,5,15,-1.2200073242187273
1972,5,16,-0.44998779296872726
1972,5,17,-0.9499877929687273
1972,5,18,-1.5000061035156023
1972,5,19,-0.05002441406247726
1972,5,20,-1.5699829101562273
1972,5,21,-3.3899902343749773
1972,5,22,-1.1700195312499773
1972,5,23,-0.17001953124997726
1972,5,24,-0.05002441406247726
1972,5,25,-0.37000122070310226
1972,5,26,-0.05002441406247726
1972,5,27,-0.05002441406247726
1972,5,28,-0.06998291015622726
1972,5,29,-1.2999938964843523
1972,5,30,-0.05002441406247726
1972,5,31,-2.5499938964843523
1973,5,1,-14.040014648437477
1973,5,2,-6.519995117187477
1973,5,3,-3.6200012207031023
1973,5,4,-0.13999023437497726
1973,5,5,-1.7200073242187273
1973,5,6,-0.6399902343749773
1973,5,7,-2.3700012207031023
1973,5,8,-7.549993896484352
1973,5,9,-12.420019531249977
1973,5,10,-12.000006103515602
1973,5,11,-6.420019531249977
1973,5,12,-7.350012207031227
1973,5,13,-2.1200012207031023
1973,5,14,-1.3899902343749773
1973,5,15,-0.8700012207031023
1973,5,16,-2.8500122070312273
1973,5,17,-1.3700012207031023
1973,5,18,-1.3199829101562273
1973,5,19,-2.7699951171874773
1973,5,20,-0.05002441406247726
1973,5,21,-0.05002441406247726
1973,5,22,-0.44998779296872726
1973,5,23,-0.7200073242187273
1973,5,24,-0.8199829101562273
1973,5,25,-0.38999023437497726
1973,5,26,-0.12000122070310226
1973,5,27,-0.17001953124997726
1973,5,28,-0.05002441406247726
1973,5,29,-0.7699951171874773
1973,5,30,-2.4700073242187273
1973,5,31,-0.05002441406247726
1974,5,1,-0.42001953124997726
1974,5,2,0.14998779296877274
1974,5,3,0.24999389648439774
1974,5,4,0.24999389648439774
1974,5,5,0.36000976562502274
1974,5,6,0.36000976562502274
1974,5,7,0.44997558593752274
1974,5,8,0.44997558593752274
1974,5,9,0.5599914550781477
1974,5,10,0.5599914550781477
1974,5,11,0.6499877929687727
1974,5,12,0.6499877929687727
1974,5,13,0.7499938964843977
1974,5,14,0.7499938964843977
1974,5,15,0.8600097656250227
1974,5,16,0.9499755859375227
1974,5,17,1.0599914550781477
1974,5,18,1.1499877929687727
1974,5,19,1.2499938964843977
1974,5,20,1.3600097656250227
1974,5,21,1.4499755859375227
1974,5,22,1.5599914550781477
1974,5,23,1.6499877929687727
1974,5,24,1.7499938964843977
1974,5,25,1.8600097656250227
1974,5,26,1.9499755859375227
1974,5,27,2.0599914550781477
1974,5,28,2.1499877929687727
1974,5,29,2.2499938964843977
1974,5,30,2.3600097656250227
1974,5,31,2.4499755859375227
1975,5,1,-3.4400085449218523
1975,5,2,-5.100012207031227
1975,5,3,-1.0000061035156023
1975,5,4,-1.1999877929687273
1975,5,5,-4.139990234374977
1975,5,6,-5.690008544921852
1975,5,7,-4.720007324218727
1975,5,8,-5.049993896484352
1975,5,9,-4.519995117187477
1975,5,10,-0.31998291015622726
1975,5,11,-0.05002441406247726
1975,5,12,-1.8700012207031023
1975,5,13,-1.2200073242187273
1975,5,14,-0.05002441406247726
1975,5,15,-0.05002441406247726
1975,5,16,-0.05002441406247726
1975,5,17,-2.2699951171874773
1975,5,18,-3.7699951171874773
1975,5,19,-6.019995117187477
1975,5,20,-2.6000122070312273
1975,5,21,-0.9700073242187273
1975,5,22,-1.6399902343749773
1975,5,23,-5.370001220703102
1975,5,24,-3.3700012207031023
1975,5,25,-1.3500122070312273
1975,5,26,-0.05002441406247726
1975,5,27,-0.05002441406247726
1975,5,28,-1.2699951171874773
1975,5,29,-0.13999023437497726
1975,5,30,-0.5000061035156023
1975,5,31,-1.4499877929687273
1976,5,1,-1.1200012207031023
1976,5,2,-2.7699951171874773
1976,5,3,-2.4200195312499773
1976,5,4,-4.269995117187477
1976,5,5,-3.0199951171874773
1976,5,6,-0.10001220703122726
1976,5,7,-2.5699829101562273
1976,5,8,-3.3199829101562273
1976,5,9,-1.7500061035156023
1976,5,10,-2.7999938964843523
1976,5,11,-3.4400085449218523
1976,5,12,-4.319982910156227
1976,5,13,-5.449987792968727
1976,5,14,-4.370001220703102
1976,5,15,-3.8899902343749773
1976,5,16,-0.05002441406247726
1976,5,17,-0.6399902343749773
1976,5,18,-0.37000122070310226
1976,5,19,-2.3700012207031023
1976,5,20,-2.0000061035156023
1976,5,21,-3.3500122070312273
1976,5,22,-3.6399902343749773
1976,5,23,-1.3700012207031023
1976,5,24,-2.2900146484374773
1976,5,25,-3.0699829101562273
1976,5,26,-3.7699951171874773
1976,5,27,-4.549993896484352
1976,5,28,-3.2200073242187273
1976,5,29,-3.1399902343749773
1976,5,30,-3.0000061035156023
1976,5,31,-0.7699951171874773
1977,5,1,-1.5199951171874773
1977,5,2,-3.7699951171874773
1977,5,3,-7.540014648437477
1977,5,4,-9.040014648437477
1977,5,5,-0.05002441406247726
1977,5,6,-0.26999511718747726
1977,5,7,-1.0000061035156023
1977,5,8,-2.7500061035156023
1977,5,9,-2.1000122070312273
1977,5,10,-0.25000610351560226
1977,5,11,-0.42001953124997726
1977,5,12,-2.6000122070312273
1977,5,13,-2.7999938964843523
1977,5,14,-1.4200195312499773
1977,5,15,-3.3199829101562273
1977,5,16,-0.35001220703122726
1977,5,17,-4.139990234374977
1977,5,18,-0.26999511718747726
1977,5,19,-0.05002441406247726
1977,5,20,-0.05002441406247726
1977,5,21,-1.5199951171874773
1977,5,22,-2.0699829101562273
1977,5,23,-1.6999877929687273
1977,5,24,-2.1200012207031023
1977,5,25,-2.6700195312499773
1977,5,26,-3.9499877929687273
1977,5,27,-4.670019531249977
1977,5,28,-5.269995117187477
1977,5,29,-4.920019531249977
1977,5,30,-3.6700195312499773
1977,5,31,-2.8500122070312273
1978,5,1,-0.19998779296872726
1978,5,2,0.44997558593752274
1978,5,3,0.5599914550781477
1978,5,4,0.5599914550781477
1978,5,5,0.6499877929687727
1978,5,6,0.6499877929687727
1978,5,7,0.7499938964843977
1978,5,8,0.7499938964843977
1978,5,9,0.8600097656250227
1978,5,10,0.8600097656250227
1978,5,11,0.9499755859375227
1978,5,12,0.9499755859375227
1978,5,13,1.0599914550781477
1978,5,14,1.0599914550781477
1978,5,15,1.1499877929687727
1978,5,16,1.2499938964843977
1978,5,17,1.3600097656250227
1978,5,18,1.5599914550781477
1978,5,19,1.6499877929687727
1978,5,20,1.7499938964843977
1978,5,21,1.8600097656250227
1978,5,22,1.9499755859375227
1978,5,23,2.1499877929687727
1978,5,24,2.2499938964843977
1978,5,25,2.3600097656250227
1978,5,26,2.4499755859375227
1978,5,27,2.5599914550781477
1978,5,28,2.7499938964843977
1978,5,29,2.8600097656250227
1978,5,30,2.9499755859375227
1978,5,31,3.0599914550781477
1979,5,1,-0.35001220703122726
1979,5,2,-0.35001220703122726
1979,5,3,-0.35001220703122726
1979,5,4,-0.35001220703122726
1979,5,5,-0.35001220703122726
1979,5,6,-0.25000610351560226
1979,5,7,-0.25000610351560226
1979,5,8,-0.25000610351560226
1979,5,9,-0.25000610351560226
1979,5,10,-0.13999023437497726
1979,5,11,-0.13999023437497726
1979,5,12,-0.13999023437497726
1979,5,13,-0.13999023437497726
1979,5,14,-0.05002441406247726
1979,5,15,-0.05002441406247726
1979,5,16,0.14998779296877274
1979,5,17,0.24999389648439774
1979,5,18,0.44997558593752274
1979,5,19,0.6499877929687727
1979,5,20,0.7499938964843977
1979,5,21,0.9499755859375227
1979,5,22,1.1499877929687727
1979,5,23,1.2499938964843977
1979,5,24,1.4499755859375227
1979,5,25,1.5599914550781477
1979,5,26,1.7499938964843977
1979,5,27,1.9499755859375227
1979,5,28,2.1499877929687727
1979,5,29,2.3600097656250227
1979,5,30,2.4499755859375227
1979,5,31,2.6499877929687727
1980,5,1,0.24999389648439774
1980,5,2,0.24999389648439774
1980,5,3,0.36000976562502274
1980,5,4,0.44997558593752274
1980,5,5,0.44997558593752274
1980,5,6,0.5599914550781477
1980,5,7,0.6499877929687727
1980,5,8,0.7499938964843977
1980,5,9,0.8600097656250227
1980,5,10,0.8600097656250227
1980,5,11,0.9499755859375227
1980,5,12,1.0599914550781477
1980,5,13,1.1499877929687727
1980,5,14,1.1499877929687727
1980,5,15,1.2499938964843977
1980,5,16,1.3600097656250227
1980,5,17,1.5599914550781477
1980,5,18,1.6499877929687727
1980,5,19,1.7499938964843977
1980,5,20,1.9499755859375227
1980,5,21,2.0599914550781477
1980,5,22,2.1499877929687727
1980,5,23,2.2499938964843977
1980,5,24,2.3600097656250227
1980,5,25,2.5599914550781477
1980,5,26,2.6499877929687727
1980,5,27,2.7499938964843977
1980,5,28,2.9499755859375227
1980,5,29,3.0599914550781477
1980,5,30,3.1499877929687727
1980,5,31,3.3600097656250227
1981,5,1,0.24999389648439774
1981,5,2,0.24999389648439774
1981,5,3,0.24999389648439774
1981,5,4,0.24999389648439774
1981,5,5,0.24999389648439774
1981,5,6,0.24999389648439774
1981,5,7,0.36000976562502274
1981,5,8,0.36000976562502274
1981,5,9,0.36000976562502274
1981,5,10,0.36000976562502274
1981,5,11,0.36000976562502274
1981,5,12,0.44997558593752274
1981,5,13,0.44997558593752274
1981,5,14,0.44997558593752274
1981,5,15,0.44997558593752274
1981,5,16,0.6499877929687727
1981,5,17,0.7499938964843977
1981,5,18,0.9499755859375227
1981,5,19,1.1499877929687727
1981,5,20,1.3600097656250227
1981,5,21,1.4499755859375227
1981,5,22,1.6499877929687727
1981,5,23,1.7499938964843977
1981,5,24,1.9499755859375227
1981,5,25,2.1499877929687727
1981,5,26,2.3600097656250227
1981,5,27,2.5599914550781477
1981,5,28,2.6499877929687727
1981,5,29,2.8600097656250227
1981,5,30,2.9499755859375227
1981,5,31,3.1499877929687727
1982,5,1,-17.170004272460915
1982,5,2,-14.940008544921852
1982,5,3,-3.2500061035156023
1982,5,4,-3.1200012207031023
1982,5,5,-3.6399902343749773
1982,5,6,-2.1700195312499773
1982,5,7,-2.7699951171874773
1982,5,8,-0.19998779296872726
1982,5,9,-0.05002441406247726
1982,5,10,-0.37000122070310226
1982,5,11,-1.2200073242187273
1982,5,12,-0.8899902343749773
1982,5,13,-2.3700012207031023
1982,5,14,-4.889990234374977
1982,5,15,-6.269995117187477
1982,5,16,-1.5199951171874773
1982,5,17,-0.05002441406247726
1982,5,18,-1.2200073242187273
1982,5,19,-1.4400085449218523
1982,5,20,-1.6000122070312273
1982,5,21,-1.2500061035156023
1982,5,22,-1.9899963378906023
1982,5,23,-1.9400085449218523
1982,5,24,-1.9400085449218523
1982,5,25,-1.9400085449218523
1982,5,26,-1.9400085449218523
1982,5,27,-1.9400085449218523
1982,5,28,-1.9400085449218523
1982,5,29,-1.9400085449218523
1982,5,30,-1.9400085449218523
1982,5,31,-1.9400085449218523
1983,5,1,-1.9400085449218523
1983,5,2,-1.9400085449218523
1983,5,3,-1.9400085449218523
1983,5,4,-1.9400085449218523
1983,5,5,-1.9400085449218523
1983,5,6,-1.9400085449218523
1983,5,7,-1.9400085449218523
1983,5,8,-1.9400085449218523
1983,5,9,-1.9400085449218523
1983,5,10,-1.8500122070312273
1983,5,11,-1.7500061035156023
1983,5,12,-1.7500061035156023
1983,5,13,-1.6399902343749773
1983,5,14,-1.5400146484374773
1983,5,15,-1.4400085449218523
1983,5,16,-1.5400146484374773
1983,5,17,-1.5400146484374773
1983,5,18,-1.5400146484374773
1983,5,19,-1.6399902343749773
1983,5,20,-1.6399902343749773
1983,5,21,-1.6399902343749773
1983,5,22,-1.6399902343749773
1983,5,23,-1.7500061035156023
1983,5,24,-1.7500061035156023
1983,5,25,-1.7500061035156023
1983,5,26,-1.7500061035156023
1983,5,27,-1.7500061035156023
1983,5,28,-1.8500122070312273
1983,5,29,-1.8500122070312273
1983,5,30,-1.8500122070312273
1983,5,31,-1.8500122070312273
1984,5,1,-10.639990234374977
1984,5,2,-15.170019531249977
1984,5,3,-15.920019531249977
1984,5,4,-14.670019531249977
1984,5,5,-13.250006103515602
1984,5,6,-11.220007324218727
1984,5,7,-0.6399902343749773
1984,5,8,-2.7699951171874773
1984,5,9,-2.7999938964843523
1984,5,10,-2.1200012207031023
1984,5,11,-5.850012207031227
1984,5,12,-1.0199951171874773
1984,5,13,-3.1999877929687273
1984,5,14,-0.22000732421872726
1984,5,15,-0.05002441406247726
1984,5,16,-1.5499938964843523
1984,5,17,-0.05002441406247726
1984,5,18,-0.05002441406247726
1984,5,19,-0.05002441406247726
1984,5,20,-0.06998291015622726
1984,5,21,-0.05002441406247726
1984,5,22,-0.05002441406247726
1984,5,23,-1.7699951171874773
1984,5,24,-1.5400146484374773
1984,5,25,-1.4400085449218523
1984,5,26,-1.4400085449218523
1984,5,27,-1.3500122070312273
1984,5,28,-1.1399902343749773
1984,5,29,-0.9400085449218523
1984,5,30,-0.6399902343749773
1984,5,31,-0.44000854492185226
1985,5,1,-11.170019531249977
1985,5,2,-9.720007324218727
1985,5,3,-3.6399902343749773
1985,5,4,-1.8899902343749773
1985,5,5,-3.5499938964843523
1985,5,6,-3.5199951171874773
1985,5,7,-1.6000122070312273
1985,5,8,-0.05002441406247726
1985,5,9,-1.4200195312499773
1985,5,10,-3.3700012207031023
1985,5,11,-4.389990234374977
1985,5,12,-3.0699829101562273
1985,5,13,-5.139990234374977
1985,5,14,-5.389990234374977
1985,5,15,-6.750006103515602
1985,5,16,-1.6700195312499773
1985,5,17,-0.05002441406247726
1985,5,18,-0.05002441406247726
1985,5,19,-1.0499938964843523
1985,5,20,-2.9700073242187273
1985,5,21,-1.0499938964843523
1985,5,22,-0.6700195312499773
1985,5,23,-0.05002441406247726
1985,5,24,-0.05002441406247726
1985,5,25,-0.05002441406247726
1985,5,26,-1.7500061035156023
1985,5,27,-0.13999023437497726
1985,5,28,-0.05002441406247726
1985,5,29,-0.05002441406247726
1985,5,30,-0.35001220703122726
1985,5,31,-0.10001220703122726
1986,5,1,-2.8700012207031023
1986,5,2,-0.7200073242187273
1986,5,3,-0.17001953124997726
1986,5,4,-0.7999938964843523
1986,5,5,-1.6399902343749773
1986,5,6,-1.4200195312499773
1986,5,7,-4.319982910156227
1986,5,8,-1.7999938964843523
1986,5,9,-1.9899963378906023
1986,5,10,-1.6200012207031023
1986,5,11,-1.1399902343749773
1986,5,12,-0.8500122070312273
1986,5,13,-1.6900085449218523
1986,5,14,-2.8700012207031023
1986,5,15,-2.0499938964843523
1986,5,16,-0.6999877929687273
1986,5,17,-0.5499938964843523
1986,5,18,-0.7999938964843523
1986,5,19,-1.4700073242187273
1986,5,20,-1.1399902343749773
1986,5,21,-1.1399902343749773
1986,5,22,-1.0400146484374773
1986,5,23,-1.0400146484374773
1986,5,24,-0.9400085449218523
1986,5,25,-0.9400085449218523
1986,5,26,-0.8500122070312273
1986,5,27,-0.7500061035156023
1986,5,28,-0.5400146484374773
1986,5,29,-0.5400146484374773
1986,5,30,-0.44000854492185226
1986,5,31,-0.25000610351560226
1987,5,1,-2.9200195312499773
1987,5,2,-2.1700195312499773
1987,5,3,-3.2399963378906023
1987,5,4,-5.100012207031227
1987,5,5,-5.170019531249977
1987,5,6,-1.6700195312499773
1987,5,7,-4.870001220703102
1987,5,8,-0.06998291015622726
1987,5,9,-0.26999511718747726
1987,5,10,-0.7699951171874773
1987,5,11,-1.5199951171874773
1987,5,12,-1.6399902343749773
1987,5,13,-1.1399902343749773
1987,5,14,-0.7200073242187273
1987,5,15,-0.8199829101562273
1987,5,16,-0.6399902343749773
1987,5,17,-0.6000122070312273
1987,5,18,-0.05002441406247726
1987,5,19,-0.7200073242187273
1987,5,20,-0.26999511718747726
1987,5,21,-0.05002441406247726
1987,5,22,-1.7699951171874773
1987,5,23,-1.6399902343749773
1987,5,24,-1.6399902343749773
1987,5,25,-1.5400146484374773
1987,5,26,-1.4400085449218523
1987,5,27,-1.4400085449218523
1987,5,28,-1.3500122070312273
1987,5,29,-1.2500061035156023
1987,5,30,-1.1399902343749773
1987,5,31,-1.1399902343749773
1988,5,1,-1.5400146484374773
1988,5,2,-1.6399902343749773
1988,5,3,-1.6399902343749773
1988,5,4,-1.6399902343749773
1988,5,5,-1.6399902343749773
1988,5,6,-1.7500061035156023
1988,5,7,-1.7500061035156023
1988,5,8,-1.7500061035156023
1988,5,9,-1.6399902343749773
1988,5,10,-1.6399902343749773
1988,5,11,-1.5400146484374773
1988,5,12,-1.4400085449218523
1988,5,13,-1.3500122070312273
1988,5,14,-1.2500061035156023
1988,5,15,-1.2500061035156023
1988,5,16,-1.1399902343749773
1988,5,17,-1.0400146484374773
1988,5,18,-0.9400085449218523
1988,5,19,-0.9400085449218523
1988,5,20,-0.8500122070312273
1988,5,21,-0.8500122070312273
1988,5,22,-0.7500061035156023
1988,5,23,-0.5400146484374773
1988,5,24,-0.35001220703122726
1988,5,25,-0.13999023437497726
1988,5,26,0.05999145507814774
1988,5,27,0.24999389648439774
1988,5,28,0.36000976562502274
1988,5,29,0.5599914550781477
1988,5,30,0.6499877929687727
1988,5,31,0.6499877929687727
1989,5,1,-1.9400085449218523
1989,5,2,-1.9400085449218523
1989,5,3,-1.9400085449218523
1989,5,4,-1.8500122070312273
1989,5,5,-1.8500122070312273
1989,5,6,-1.7500061035156023
1989,5,7,-1.7500061035156023
1989,5,8,-1.7500061035156023
1989,5,9,-1.7500061035156023
1989,5,10,-1.8500122070312273
1989,5,11,-1.8500122070312273
1989,5,12,-1.8500122070312273
1989,5,13,-1.8500122070312273
1989,5,14,-1.9400085449218523
1989,5,15,-1.8500122070312273
1989,5,16,-1.8500122070312273
1989,5,17,-1.8500122070312273
1989,5,18,-1.8500122070312273
1989,5,19,-1.8500122070312273
1989,5,20,-1.7500061035156023
1989,5,21,-1.7500061035156023
1989,5,22,-1.5400146484374773
1989,5,23,-1.2500061035156023
1989,5,24,-1.0400146484374773
1989,5,25,-0.8500122070312273
1989,5,26,-0.5400146484374773
1989,5,27,-0.35001220703122726
1989,5,28,-0.05002441406247726
1989,5,29,0.24999389648439774
1989,5,30,0.5599914550781477
1989,5,31,0.7499938964843977
1990,5,1,-4.440008544921852
1990,5,2,-4.470007324218727
1990,5,3,-5.000006103515602
1990,5,4,-5.620001220703102
1990,5,5,-6.519995117187477
1990,5,6,-0.9700073242187273
1990,5,7,-0.25000610351560226
1990,5,8,-0.42001953124997726
1990,5,9,-0.5199951171874773
1990,5,10,-0.6200012207031023
1990,5,11,-2.5199951171874773
1990,5,12,-0.05002441406247726
1990,5,13,-0.6700195312499773
1990,5,14,-0.05002441406247726
1990,5,15,-0.7500061035156023
1990,5,16,-0.05002441406247726
1990,5,17,-1.7699951171874773
1990,5,18,-1.6399902343749773
1990,5,19,-1.5400146484374773
1990,5,20,-1.4400085449218523
1990,5,21,-1.3500122070312273
1990,5,22,-1.2500061035156023
1990,5,23,-1.2500061035156023
1990,5,24,-1.0400146484374773
1990,5,25,-0.8500122070312273
1990,5,26,-0.6399902343749773
1990,5,27,-0.44000854492185226
1990,5,28,-0.25000610351560226
1990,5,29,-0.05002441406247726
1990,5,30,0.14998779296877274
1990,5,31,0.24999389648439774
1991,5,1,-1.8500122070312273
1991,5,2,-1.2699951171874773
1991,5,3,-0.6700195312499773
1991,5,4,-0.29999389648435226
1991,5,5,-0.05002441406247726
1991,5,6,-0.05002441406247726
1991,5,7,-1.2999938964843523
1991,5,8,-1.7699951171874773
1991,5,9,-1.6399902343749773
1991,5,10,-1.5400146484374773
1991,5,11,-1.5400146484374773
1991,5,12,-1.5400146484374773
1991,5,13,-1.4400085449218523
1991,5,14,-1.4400085449218523
1991,5,15,-1.4400085449218523
1991,5,16,-1.2500061035156023
1991,5,17,-1.1399902343749773
1991,5,18,-1.0400146484374773
1991,5,19,-0.9400085449218523
1991,5,20,-0.8500122070312273
1991,5,21,-0.6399902343749773
1991,5,22,-0.5400146484374773
1991,5,23,-0.5400146484374773
1991,5,24,-0.44000854492185226
1991,5,25,-0.35001220703122726
1991,5,26,-0.35001220703122726
1991,5,27,-0.25000610351560226
1991,5,28,-0.13999023437497726
1991,5,29,-0.13999023437497726
1991,5,30,0.05999145507814774
1991,5,31,0.24999389648439774
1992,5,1,-11.620001220703102
1992,5,2,-14.870001220703102
1992,5,3,-15.019995117187477
1992,5,4,-14.319982910156227
1992,5,5,-14.269995117187477
1992,5,6,-12.470007324218727
1992,5,7,-9.639990234374977
1992,5,8,-9.100012207031227
1992,5,9,-3.0400146484374773
1992,5,10,-1.8700012207031023
1992,5,11,-0.5000061035156023
1992,5,12,-0.26999511718747726
1992,5,13,-0.7200073242187273
1992,5,14,-0.17001953124997726
1992,5,15,-3.3899902343749773
1992,5,16,-2.7200073242187273
1992,5,17,-1.0000061035156023
1992,5,18,-0.44998779296872726
1992,5,19,-0.42001953124997726
1992,5,20,-0.44998779296872726
1992,5,21,-0.9200195312499773
1992,5,22,-0.8700012207031023
1992,5,23,-0.9700073242187273
1992,5,24,-2.4200195312499773
1992,5,25,-2.5199951171874773
1992,5,26,-0.7699951171874773
1992,5,27,-0.8700012207031023
1992,5,28,-1.9700073242187273
1992,5,29,-1.8500122070312273
1992,5,30,-1.0199951171874773
1992,5,31,-0.37000122070310226
1993,5,1,-1.4400085449218523
1993,5,2,-1.3500122070312273
1993,5,3,-1.2500061035156023
1993,5,4,-1.1399902343749773
1993,5,5,-1.1399902343749773
1993,5,6,-1.0400146484374773
1993,5,7,-1.0400146484374773
1993,5,8,-1.0400146484374773
1993,5,9,-0.9400085449218523
1993,5,10,-0.9400085449218523
1993,5,11,-0.9400085449218523
1993,5,12,-0.8500122070312273
1993,5,13,-0.8500122070312273
1993,5,14,-0.8500122070312273
1993,5,15,-0.7500061035156023
1993,5,16,-0.7500061035156023
1993,5,17,-0.7500061035156023
1993,5,18,-0.7500061035156023
1993,5,19,-0.6399902343749773
1993,5,20,-0.5400146484374773
1993,5,21,-0.44000854492185226
1993,5,22,-0.25000610351560226
1993,5,23,-0.13999023437497726
1993,5,24,0.05999145507814774
1993,5,25,0.14998779296877274
1993,5,26,0.36000976562502274
1993,5,27,0.44997558593752274
1993,5,28,0.5599914550781477
1993,5,29,0.6499877929687727
1993,5,30,0.7499938964843977
1993,5,31,0.8600097656250227
1994,5,1,-2.7500061035156023
1994,5,2,-2.4200195312499773
1994,5,3,-0.9499877929687273
1994,5,4,-1.0499938964843523
1994,5,5,-0.7200073242187273
1994,5,6,-0.47000732421872726
1994,5,7,-0.31998291015622726
1994,5,8,-0.6700195312499773
1994,5,9,-0.5000061035156023
1994,5,10,-0.5000061035156023
1994,5,11,-1.6200012207031023
1994,5,12,-1.3500122070312273
1994,5,13,-1.3500122070312273
1994,5,14,-1.3500122070312273
1994,5,15,-1.2500061035156023
1994,5,16,-1.2500061035156023
1994,5,17,-1.1399902343749773
1994,5,18,-1.1399902343749773
1994,5,19,-1.1399902343749773
1994,5,20,-1.0400146484374773
1994,5,21,-1.0400146484374773
1994,5,22,-0.9400085449218523
1994,5,23,-0.9400085449218523
1994,5,24,-0.8500122070312273
1994,5,25,-0.8500122070312273
1994,5,26,-0.8500122070312273
1994,5,27,-0.8500122070312273
1994,5,28,-0.8500122070312273
1994,5,29,-0.8500122070312273
1994,5,30,-0.8500122070312273
1994,5,31,-0.8500122070312273
1995,5,1,-1.8700012207031023
1995,5,2,-1.3899902343749773
1995,5,3,-0.6700195312499773
1995,5,4,-1.5499938964843523
1995,5,5,-4.420019531249977
1995,5,6,-0.9499877929687273
1995,5,7,-0.05002441406247726
1995,5,8,-1.5499938964843523
1995,5,9,-1.2500061035156023
1995,5,10,-1.0400146484374773
1995,5,11,-1.2500061035156023
1995,5,12,-1.3500122070312273
1995,5,13,-1.4400085449218523
1995,5,14,-1.4400085449218523
1995,5,15,-1.5400146484374773
1995,5,16,-1.6399902343749773
1995,5,17,-1.6399902343749773
1995,5,18,-1.6399902343749773
1995,5,19,-1.7500061035156023
1995,5,20,-1.7500061035156023
1995,5,21,-1.7500061035156023
1995,5,22,-1.7500061035156023
1995,5,23,-1.5400146484374773
1995,5,24,-1.4400085449218523
1995,5,25,-1.4400085449218523
1995,5,26,-1.3500122070312273
1995,5,27,-1.4400085449218523
1995,5,28,-1.4400085449218523
1995,5,29,-1.3500122070312273
1995,5,30,-1.2500061035156023
1995,5,31,-1.2500061035156023
1996,5,1,-1.7500061035156023
1996,5,2,-1.7500061035156023
1996,5,3,-0.5699829101562273
1996,5,4,-0.17001953124997726
1996,5,5,-1.9899963378906023
1996,5,6,-1.9400085449218523
1996,5,7,-1.9400085449218523
1996,5,8,-1.9400085449218523
1996,5,9,-1.9400085449218523
1996,5,10,-1.9400085449218523
1996,5,11,-1.8500122070312273
1996,5,12,-1.6399902343749773
1996,5,13,-1.3500122070312273
1996,5,14,-0.9400085449218523
1996,5,15,-0.8500122070312273
1996,5,16,-0.8500122070312273
1996,5,17,-0.8500122070312273
1996,5,18,-0.9400085449218523
1996,5,19,-0.8500122070312273
1996,5,20,-0.7500061035156023
1996,5,21,0.14998779296877274
1996,5,22,0.6499877929687727
1996,5,23,0.7499938964843977
1996,5,24,0.9499755859375227
1996,5,25,1.1499877929687727
1996,5,26,1.3600097656250227
1996,5,27,1.3600097656250227
1996,5,28,1.1499877929687727
1996,5,29,1.1499877929687727
1996,5,30,1.1499877929687727
1996,5,31,1.2499938964843977
1997,5,1,-2.7800048828124773
1997,5,2,-0.6000122070312273
1997,5,3,-0.10001220703122726
1997,5,4,-3.5300048828124773
1997,5,5,-1.1299804687499773
1997,5,6,-1.4100097656249773
1997,5,7,-2.6999877929687273
1997,5,8,-3.4499877929687273
1997,5,9,-0.7300170898437273
1997,5,10,-1.6600097656249773
1997,5,11,-0.05002441406247726
1997,5,12,-1.5499938964843523
1997,5,13,-0.7300170898437273
1997,5,14,-0.19998779296872726
1997,5,15,-1.6299804687499773
1997,5,16,-1.5499938964843523
1997,5,17,-1.6600097656249773
1997,5,18,-1.8500122070312273
1997,5,19,-1.7500061035156023
1997,5,20,-1.7500061035156023
1997,5,21,-1.7500061035156023
1997,5,22,-1.6600097656249773
1997,5,23,-1.5499938964843523
1997,5,24,-1.4499877929687273
1997,5,25,-1.3500122070312273
1997,5,26,-0.7500061035156023
1997,5,27,-0.44998779296872726
1997,5,28,-0.16000976562497726
1997,5,29,0.24999389648439774
1997,5,30,0.33999023437502274
1997,5,31,0.44997558593752274
1998,5,1,-1.3500122070312273
1998,5,2,-1.2500061035156023
1998,5,3,-1.4499877929687273
1998,5,4,-1.6600097656249773
1998,5,5,-1.7500061035156023
1998,5,6,-1.8500122070312273
1998,5,7,-1.9499877929687273
1998,5,8,-1.9499877929687273
1998,5,9,-1.9499877929687273
1998,5,10,-1.9499877929687273
1998,5,11,-1.9499877929687273
1998,5,12,-1.9499877929687273
1998,5,13,-1.9499877929687273
1998,5,14,-1.9499877929687273
1998,5,15,-1.9499877929687273
1998,5,16,-1.9499877929687273
1998,5,17,-1.9499877929687273
1998,5,18,-1.9499877929687273
1998,5,19,-1.9499877929687273
1998,5,20,-1.9499877929687273
1998,5,21,-1.5499938964843523
1998,5,22,-1.2500061035156023
1998,5,23,-1.2500061035156023
1998,5,24,-1.2500061035156023
1998,5,25,-0.8500122070312273
1998,5,26,-0.5499938964843523
1998,5,27,-0.35001220703122726
1998,5,28,-0.05002441406247726
1998,5,29,0.14998779296877274
1998,5,30,0.33999023437502274
1998,5,31,0.6499877929687727
1999,5,1,-3.6799987792968523
1999,5,2,-5.329992675781227
1999,5,3,-4.949987792968727
1999,5,4,-5.329992675781227
1999,5,5,-6.379980468749977
1999,5,6,-7.759985351562477
1999,5,7,-11.379980468749977
1999,5,8,-12.049993896484352
1999,5,9,-5.929998779296852
1999,5,10,-4.579992675781227
1999,5,11,-0.6799987792968523
1999,5,12,-2.9100097656249773
1999,5,13,-2.2999938964843523
1999,5,14,-1.7800048828124773
1999,5,15,-1.1799987792968523
1999,5,16,-1.0099853515624773
1999,5,17,-3.5799926757812273
1999,5,18,-1.3299926757812273
1999,5,19,-0.07999267578122726
1999,5,20,-2.1299804687499773
1999,5,21,-0.37998046874997726
1999,5,22,-2.7999938964843523
1999,5,23,-1.5799926757812273
1999,5,24,-1.1999877929687273
1999,5,25,-1.4499877929687273
1999,5,26,-1.6799987792968523
1999,5,27,-1.2300170898437273
1999,5,28,-2.6799987792968523
1999,5,29,-1.9800170898437273
1999,5,30,-0.6999877929687273
1999,5,31,-2.3500122070312273
2000,5,1,-5.049993896484352
2000,5,2,-5.629980468749977
2000,5,3,-2.0099853515624773
2000,5,4,-1.9499877929687273
2000,5,5,-1.9499877929687273
2000,5,6,-1.9499877929687273
2000,5,7,-1.9499877929687273
2000,5,8,-1.9499877929687273
2000,5,9,-1.9499877929687273
2000,5,10,-1.9499877929687273
2000,5,11,-1.9499877929687273
2000,5,12,-1.9499877929687273
2000,5,13,-1.9499877929687273
2000,5,14,-1.9499877929687273
2000,5,15,-1.8500122070312273
2000,5,16,-1.6600097656249773
2000,5,17,-1.3500122070312273
2000,5,18,-1.1600097656249773
2000,5,19,-0.8500122070312273
2000,5,20,-0.6600097656249773
2000,5,21,-0.44998779296872726
2000,5,22,-0.44998779296872726
2000,5,23,-0.44998779296872726
2000,5,24,-0.35001220703122726
2000,5,25,-0.5499938964843523
2000,5,26,-0.8500122070312273
2000,5,27,-0.9499877929687273
2000,5,28,-0.9499877929687273
2000,5,29,-0.9499877929687273
2000,5,30,-0.9499877929687273
2000,5,31,-1.0499938964843523
2001,5,1,-12.480017089843727
2001,5,2,-16.199987792968727
2001,5,3,-13.379980468749977
2001,5,4,-11.299993896484352
2001,5,5,-8.579992675781227
2001,5,6,-9.929998779296852
2001,5,7,-9.280004882812477
2001,5,8,-9.230017089843727
2001,5,9,-2.0799926757812273
2001,5,10,-2.0499938964843523
2001,5,11,-2.0499938964843523
2001,5,12,-2.0499938964843523
2001,5,13,-2.0499938964843523
2001,5,14,-2.0499938964843523
2001,5,15,-2.0499938964843523
2001,5,16,-2.0499938964843523
2001,5,17,-2.0499938964843523
2001,5,18,-2.0499938964843523
2001,5,19,-2.0499938964843523
2001,5,20,-1.9800170898437273
2001,5,21,-1.8799804687499773
2001,5,22,-1.7800048828124773
2001,5,23,-1.7500061035156023
2001,5,24,-1.7500061035156023
2001,5,25,-1.6799987792968523
2001,5,26,-1.5799926757812273
2001,5,27,-1.5499938964843523
2001,5,28,-1.4800170898437273
2001,5,29,-1.4499877929687273
2001,5,30,-1.4499877929687273
2001,5,31,-1.3799804687499773
2002,5,1,-2.0499938964843523
2002,5,2,-2.0499938964843523
2002,5,3,-2.0499938964843523
2002,5,4,-2.0499938964843523
2002,5,5,-2.0499938964843523
2002,5,6,-2.0499938964843523
2002,5,7,-1.9800170898437273
2002,5,8,-1.9499877929687273
2002,5,9,-1.9499877929687273
2002,5,10,-1.9499877929687273
2002,5,11,-1.9499877929687273
2002,5,12,-1.8700012207031023
2002,5,13,-1.7699951171874773
2002,5,14,-1.6000122070312273
2002,5,15,-1.3999999999999773
2002,5,16,-1.1999877929687273
2002,5,17,-1.0799926757812273
2002,5,18,-0.8999999999999773
2002,5,19,-0.6999877929687273
2002,5,20,-0.5000061035156023
2002,5,21,-0.37000122070310226
2002,5,22,-0.19998779296872726
2002,5,23,-6.1035156022626325e-6
2002,5,24,0.05001220703127274
2002,5,25,0.05001220703127274
2002,5,26,-0.030004882812477263
2002,5,27,0.019982910156272737
2002,5,28,0.05001220703127274
2002,5,29,0.12999877929689774
2002,5,30,0.14998779296877274
2002,5,31,0.23000488281252274
2003,5,1,-1.6499999999999773
2003,5,2,-1.5799926757812273
2003,5,3,-1.4800170898437273
2003,5,4,-1.1499999999999773
2003,5,5,-1.1200012207031023
2003,5,6,-1.1499999999999773
2003,5,7,-1.2999938964843523
2003,5,8,-1.1999877929687273
2003,5,9,-1.0000061035156023
2003,5,10,-0.8700012207031023
2003,5,11,-0.7699951171874773
2003,5,12,-0.7200073242187273
2003,5,13,-0.6799987792968523
2003,5,14,-0.6499999999999773
2003,5,15,-0.6499999999999773
2003,5,16,-0.5799926757812273
2003,5,17,-0.48001708984372726
2003,5,18,-0.44998779296872726
2003,5,19,-0.37000122070310226
2003,5,20,-0.19998779296872726
2003,5,21,-0.07999267578122726
2003,5,22,0.019982910156272737
2003,5,23,0.19997558593752274
2003,5,24,0.32000122070314774
2003,5,25,0.49999389648439774
2003,5,26,0.6299987792968977
2003,5,27,0.8000122070312727
2003,5,28,0.9200073242187727
2003,5,29,0.9499755859375227
2003,5,30,1.0199829101562727
2003,5,31,1.0500122070312727
2004,5,1,-1.6499999999999773
2004,5,2,-1.4899963378906023
2004,5,3,-1.2999938964843523
2004,5,4,-1.1000122070312273
2004,5,5,-0.9700073242187273
2004,5,6,-0.8700012207031023
2004,5,7,-0.7699951171874773
2004,5,8,-0.7500061035156023
2004,5,9,-0.6700195312499773
2004,5,10,-0.6499999999999773
2004,5,11,-0.48999633789060226
2004,5,12,-0.7500061035156023
2004,5,13,-1.0699829101562273
2004,5,14,-1.1499999999999773
2004,5,15,-1.2999938964843523
2004,5,16,-1.4200195312499773
2004,5,17,-1.5199951171874773
2004,5,18,-1.6200012207031023
2004,5,19,-1.4200195312499773
2004,5,20,-1.1900085449218523
2004,5,21,-1.0699829101562273
2004,5,22,-1.0499938964843523
2004,5,23,-0.9700073242187273
2004,5,24,-1.0199951171874773
2004,5,25,-1.0499938964843523
2004,5,26,-0.8199829101562273
2004,5,27,-0.6700195312499773
2004,5,28,-0.48999633789060226
2004,5,29,-0.14999999999997726
2004,5,30,0.10000000000002274
2004,5,31,0.37999877929689774
2005,5,1,-0.42001953124997726
2005,5,2,-3.4200195312499773
2005,5,3,-4.120001220703102
2005,5,4,-2.6000122070312273
2005,5,5,-0.7699951171874773
2005,5,6,-0.22000732421872726
2005,5,7,-2.4499877929687273
2005,5,8,-1.4499877929687273
2005,5,9,-1.0499938964843523
2005,5,10,-0.12000122070310226
2005,5,11,-1.6700195312499773
2005,5,12,-1.4400085449218523
2005,5,13,-1.4400085449218523
2005,5,14,-1.3400024414062273
2005,5,15,-0.17001953124997726
2005,5,16,-0.5499938964843523
2005,5,17,-1.3999999999999773
2005,5,18,-1.2999938964843523
2005,5,19,-1.5000061035156023
2005,5,20,-1.5499938964843523
2005,5,21,-1.4899963378906023
2005,5,22,-1.5000061035156023
2005,5,23,-1.4899963378906023
2005,5,24,-1.2999938964843523
2005,5,25,-1.0499938964843523
2005,5,26,-0.9400085449218523
2005,5,27,-0.8999999999999773
2005,5,28,-0.6999877929687273
2005,5,29,-0.48999633789060226
2005,5,30,-0.34000244140622726
2005,5,31,-0.14999999999997726
2006,5,1,-6.799993896484352
2006,5,2,-3.3500122070312273
2006,5,3,-3.0199951171874773
2006,5,4,-1.2999938964843523
2006,5,5,-0.8199829101562273
2006,5,6,-0.31998291015622726
2006,5,7,-0.05002441406247726
2006,5,8,-1.6499999999999773
2006,5,9,-3.3199829101562273
2006,5,10,-1.6200012207031023
2006,5,11,-1.1200012207031023
2006,5,12,-2.8199829101562273
2006,5,13,-0.25000610351560226
2006,5,14,-0.5699829101562273
2006,5,15,-1.6999877929687273
2006,5,16,-1.4899963378906023
2006,5,17,-1.4400085449218523
2006,5,18,-1.4400085449218523
2006,5,19,-1.4400085449218523
2006,5,20,-1.5499938964843523
2006,5,21,-1.6900085449218523
2006,5,22,-1.6499999999999773
2006,5,23,-1.5499938964843523
2006,5,24,-1.4899963378906023
2006,5,25,-1.3999999999999773
2006,5,26,-1.2999938964843523
2006,5,27,-1.2500061035156023
2006,5,28,-1.1000122070312273
2006,5,29,-0.8400024414062273
2006,5,30,-0.6900085449218523
2006,5,31,-0.5499938964843523
2007,5,1,-4.370001220703102
2007,5,2,-3.7200073242187273
2007,5,3,-3.8500122070312273
2007,5,4,-5.000006103515602
2007,5,5,-5.500006103515602
2007,5,6,-3.7200073242187273
2007,5,7,-2.9700073242187273
2007,5,8,-3.6000122070312273
2007,5,9,-1.6200012207031023
2007,5,10,-1.7200073242187273
2007,5,11,-1.9700073242187273
2007,5,12,-2.7699951171874773
2007,5,13,-5.569982910156227
2007,5,14,-3.1000122070312273
2007,5,15,-1.6499999999999773
2007,5,16,-1.4400085449218523
2007,5,17,-1.5000061035156023
2007,5,18,-1.5499938964843523
2007,5,19,-1.4899963378906023
2007,5,20,-1.3999999999999773
2007,5,21,-1.2500061035156023
2007,5,22,-1.0499938964843523
2007,5,23,-0.7999938964843523
2007,5,24,-0.5000061035156023
2007,5,25,-0.29999389648435226
2007,5,26,-0.25000610351560226
2007,5,27,-0.39999999999997726
2007,5,28,-0.5499938964843523
2007,5,29,-0.48999633789060226
2007,5,30,-0.5499938964843523
2007,5,31,-0.6000122070312273
2008,5,1,-11.799993896484352
2008,5,2,-8.620001220703102
2008,5,3,-5.399999999999977
2008,5,4,-2.6499999999999773
2008,5,5,-1.6799987792968523
2008,5,6,-2.0000061035156023
2008,5,7,-1.1000122070312273
2008,5,8,-0.7200073242187273
2008,5,9,-0.32999267578122726
2008,5,10,-0.7699951171874773
2008,5,11,-0.5000061035156023
2008,5,12,-0.25000610351560226
2008,5,13,-0.5199951171874773
2008,5,14,-1.0000061035156023
2008,5,15,-0.9700073242187273
2008,5,16,-2.8500122070312273
2008,5,17,-2.4299987792968523
2008,5,18,-4.519995117187477
2008,5,19,-2.7200073242187273
2008,5,20,-1.0499938964843523
2008,5,21,-1.6999877929687273
2008,5,22,-1.5499938964843523
2008,5,23,-0.22000732421872726
2008,5,24,-0.05002441406247726
2008,5,25,-0.05002441406247726
2008,5,26,-0.37998046874997726
2008,5,27,-1.7500061035156023
2008,5,28,-1.6999877929687273
2008,5,29,-1.7999938964843523
2008,5,30,-1.9499877929687273
2008,5,31,-1.8999999999999773
2009,5,1,-2.0699829101562273
2009,5,2,-1.8500122070312273
2009,5,3,-1.5499938964843523
2009,5,4,-1.3999999999999773
2009,5,5,-1.3500122070312273
2009,5,6,-1.3500122070312273
2009,5,7,-1.3999999999999773
2009,5,8,-1.4400085449218523
2009,5,9,-1.3999999999999773
2009,5,10,-1.2500061035156023
2009,5,11,-1.1499999999999773
2009,5,12,-1.1000122070312273
2009,5,13,-1.0499938964843523
2009,5,14,-1.3700012207031023
2009,5,15,-2.2500061035156023
2009,5,16,-4.690008544921852
2009,5,17,-0.05002441406247726
2009,5,18,-0.7500061035156023
2009,5,19,-1.6200012207031023
2009,5,20,-3.2200073242187273
2009,5,21,-1.8500122070312273
2009,5,22,-2.3199829101562273
2009,5,23,-1.1700195312499773
2009,5,24,-0.9499877929687273
2009,5,25,-1.1000122070312273
2009,5,26,-1.1000122070312273
2009,5,27,-0.9899963378906023
2009,5,28,-0.8500122070312273
2009,5,29,-0.8999999999999773
2009,5,30,-1.0000061035156023
2009,5,31,-0.9899963378906023
2010,5,1,-4.600012207031227
2010,5,2,-3.9499877929687273
2010,5,3,-4.750006103515602
2010,5,4,-4.730017089843727
2010,5,5,-3.6799987792968523
2010,5,6,-4.980017089843727
2010,5,7,-3.5000061035156023
2010,5,8,-0.6799987792968523
2010,5,9,-1.1999877929687273
2010,5,10,-4.250006103515602
2010,5,11,-1.1499999999999773
2010,5,12,-0.05002441406247726
2010,5,13,-1.4800170898437273
2010,5,14,-2.9499877929687273
2010,5,15,-0.37998046874997726
2010,5,16,-4.000006103515602
2010,5,17,-1.7800048828124773
2010,5,18,-0.7999938964843523
2010,5,19,-0.5799926757812273
2010,5,20,-0.29999389648435226
2010,5,21,-1.5499938964843523
2010,5,22,-0.44998779296872726
2010,5,23,-1.1799987792968523
2010,5,24,-0.9499877929687273
2010,5,25,-1.1000122070312273
2010,5,26,-1.6000122070312273
2010,5,27,-1.2300170898437273
2010,5,28,-0.05002441406247726
2010,5,29,-0.05002441406247726
2010,5,30,-0.05002441406247726
2010,5,31,-0.05002441406247726
2011,5,1,-3.1799987792968523
2011,5,2,-4.850012207031227
2011,5,3,-3.7500061035156023
2011,5,4,-5.549993896484352
2011,5,5,-5.549993896484352
2011,5,6,-2.6000122070312273
2011,5,7,-6.379980468749977
2011,5,8,-5.780004882812477
2011,5,9,-4.949987792968727
2011,5,10,-2.1299804687499773
2011,5,11,-3.2800048828124773
2011,5,12,-1.2800048828124773
2011,5,13,-0.05002441406247726
2011,5,14,-0.14999999999997726
2011,5,15,-0.05002441406247726
2011,5,16,-1.1999877929687273
2011,5,17,-0.39999999999997726
2011,5,18,-2.0000061035156023
2011,5,19,-1.8999999999999773
2011,5,20,-1.8500122070312273
2011,5,21,-1.8500122070312273
2011,5,22,-1.6999877929687273
2011,5,23,-1.4499877929687273
2011,5,24,-1.2999938964843523
2011,5,25,-1.1499999999999773
2011,5,26,-0.9499877929687273
2011,5,27,-0.7500061035156023
2011,5,28,-0.6000122070312273
2011,5,29,-0.5000061035156023
2011,5,30,-0.44998779296872726
2011,5,31,-0.25000610351560226
2012,5,1,-10.049993896484352
2012,5,2,-10.350012207031227
2012,5,3,-11.629980468749977
2012,5,4,-11.000006103515602
2012,5,5,-6.799993896484352
2012,5,6,-3.8999999999999773
2012,5,7,-3.5199951171874773
2012,5,8,-1.6999877929687273
2012,5,9,-3.5300048828124773
2012,5,10,-2.2200073242187273
2012,5,11,-2.8799804687499773
2012,5,12,-5.799993896484352
2012,5,13,-1.9299987792968523
2012,5,14,-2.5000061035156023
2012,5,15,-1.9700073242187273
2012,5,16,-0.05002441406247726
2012,5,17,-0.6000122070312273
2012,5,18,-3.0300048828124773
2012,5,19,-3.6000122070312273
2012,5,20,-1.0499938964843523
2012,5,21,-3.0799926757812273
2012,5,22,-0.6000122070312273
2012,5,23,-2.1999877929687273
2012,5,24,-2.3799804687499773
2012,5,25,-0.7200073242187273
2012,5,26,-1.6799987792968523
2012,5,27,-0.6799987792968523
2012,5,28,-0.9499877929687273
2012,5,29,-0.05002441406247726
2012,5,30,-0.19998779296872726
2012,5,31,-1.0000061035156023
2013,5,1,-9.049993896484352
2013,5,2,-9.399999999999977
2013,5,3,-7.049993896484352
2013,5,4,-10.980017089843727
2013,5,5,-5.949987792968727
2013,5,6,-3.5499938964843523
2013,5,7,-2.1999877929687273
2013,5,8,-1.1799987792968523
2013,5,9,-3.4299987792968523
2013,5,10,-4.179998779296852
2013,5,11,-3.8199829101562273
2013,5,12,-0.7300170898437273
2013,5,13,-4.480017089843727
2013,5,14,-3.7999938964843523
2013,5,15,-4.079992675781227
2013,5,16,-1.7999938964843523
2013,5,17,-8.549993896484352
2013,5,18,-7.030004882812477
2013,5,19,-0.5000061035156023
2013,5,20,-0.42999877929685226
2013,5,21,-0.05002441406247726
2013,5,22,-0.05002441406247726
2013,5,23,-0.48001708984372726
2013,5,24,-1.6000122070312273
2013,5,25,-2.1299804687499773
2013,5,26,-0.05002441406247726
2013,5,27,-2.0799926757812273
2013,5,28,-1.8500122070312273
2013,5,29,-1.5000061035156023
2013,5,30,-1.2999938964843523
2013,5,31,-1.2500061035156023
2014,5,1,-0.05002441406247726
2014,5,2,-1.5499938964843523
2014,5,3,-1.2999938964843523
2014,5,4,-1.2500061035156023
2014,5,5,-1.2999938964843523
2014,5,6,-1.3500122070312273
2014,5,7,-1.2500061035156023
2014,5,8,-1.1000122070312273
2014,5,9,-1.0499938964843523
2014,5,10,-1.0499938964843523
2014,5,11,-1.0499938964843523
2014,5,12,-1.1000122070312273
2014,5,13,-1.3500122070312273
2014,5,14,-1.5000061035156023
2014,5,15,-1.4499877929687273
2014,5,16,-1.3500122070312273
2014,5,17,-1.1999877929687273
2014,5,18,-1.0499938964843523
2014,5,19,-0.7999938964843523
2014,5,20,-0.35001220703122726
2014,5,21,0.14998779296877274
2014,5,22,0.39998779296877274
2014,5,23,0.6000000000000227
2014,5,24,0.8000122070312727
2014,5,25,0.8999877929687727
2014,5,26,1.0500122070312727
2014,5,27,1.3000122070312727
2014,5,28,1.5500122070312727
2014,5,29,1.7499938964843977
2014,5,30,1.9499755859375227
2014,5,31,2.1499877929687727
2015,5,1,-5.149999999999977
2015,5,2,-6.399999999999977
2015,5,3,-3.1749938964843523
2015,5,4,-1.8499816894531023
2015,5,5,-1.7500061035156023
2015,5,6,-1.6999877929687273
2015,5,7,-1.5499938964843523
2015,5,8,-1.3999999999999773
2015,5,9,-1.3500122070312273
2015,5,10,-1.3500122070312273
2015,5,11,-1.2999938964843523
2015,5,12,-1.1999877929687273
2015,5,13,-1.2500061035156023
2015,5,14,-1.3500122070312273
2015,5,15,-1.2999938964843523
2015,5,16,-1.2500061035156023
2015,5,17,-1.3500122070312273
2015,5,18,-1.5000061035156023
2015,5,19,-1.6499999999999773
2015,5,20,-1.8000244140624773
2015,5,21,-1.8500122070312273
2015,5,22,-1.7999938964843523
2015,5,23,-1.6499999999999773
2015,5,24,-1.2999938964843523
2015,5,25,-0.8500122070312273
2015,5,26,-0.35001220703122726
2015,5,27,0.14998779296877274
2015,5,28,0.49999389648439774
2015,5,29,0.7000061035156477
2015,5,30,0.8000122070312727
2015,5,31,0.8999877929687727
2016,5,1,-1.8500122070312273
2016,5,2,-1.7999938964843523
2016,5,3,-1.6999877929687273
2016,5,4,-1.6499999999999773
2016,5,5,-1.6000122070312273
2016,5,6,-1.4999755859374773
2016,5,7,-1.3499816894531023
2016,5,8,-1.1000122070312273
2016,5,9,-0.7999938964843523
2016,5,10,-0.42502441406247726
2016,5,11,-0.25000610351560226
2016,5,12,-0.10001220703122726
2016,5,13,-0.04999389648435226
2016,5,14,2.4414062522737368e-5
2016,5,15,-0.04999389648435226
2016,5,16,-6.1035156022626325e-6
2016,5,17,0.14998779296877274
2016,5,18,0.04998168945314774
2016,5,19,-0.14999999999997726
2016,5,20,-0.30002441406247726
2016,5,21,-0.29999389648435226
2016,5,22,-0.19998779296872726
2016,5,23,-0.14999999999997726
2016,5,24,-0.14999999999997726
2016,5,25,-0.19998779296872726
2016,5,26,-0.19998779296872726
2016,5,27,-0.14999999999997726
2016,5,28,-0.19998779296872726
2016,5,29,-0.05002441406247726
2016,5,30,0.14998779296877274
2016,5,31,0.29998168945314774
2017,5,1,-1.8499816894531023
2017,5,2,-1.7500061035156023
2017,5,3,-1.7500061035156023
2017,5,4,-1.7500061035156023
2017,5,5,-1.6999877929687273
2017,5,6,-1.6000122070312273
2017,5,7,-1.5499938964843523
2017,5,8,-1.5499938964843523
2017,5,9,-1.5499938964843523
2017,5,10,-1.4499877929687273
2017,5,11,-1.2999938964843523
2017,5,12,-1.1999877929687273
2017,5,13,-1.0499938964843523
2017,5,14,-0.8499816894531023
2017,5,15,-0.6999877929687273
2017,5,16,-0.6999877929687273
2017,5,17,-0.7500061035156023
2017,5,18,-0.6000122070312273
2017,5,19,-0.19998779296872726
2017,5,20,0.24999389648439774
2017,5,21,0.6499877929687727
2017,5,22,0.9500061035156477
2017,5,23,1.1500183105468977
2017,5,24,1.3500000000000227
2017,5,25,1.5000244140625227
2017,5,26,1.6000000000000227
2017,5,27,1.7499938964843977
2017,5,28,1.9500061035156477
2017,5,29,2.2499938964843977
2017,5,30,2.6499877929687727
2017,5,31,2.9500061035156477
2018,5,1,-1.6999877929687273
2018,5,2,-1.6499999999999773
2018,5,3,-1.6499999999999773
2018,5,4,-1.6499999999999773
2018,5,5,-1.6499999999999773
2018,5,6,-1.6499999999999773
2018,5,7,-1.6000122070312273
2018,5,8,-1.5499938964843523
2018,5,9,-1.4999755859374773
2018,5,10,-1.3999999999999773
2018,5,11,-1.2500061035156023
2018,5,12,-1.1000122070312273
2018,5,13,-0.9999755859374773
2018,5,14,-0.8999999999999773
2018,5,15,-0.8500122070312273
2018,5,16,-0.6000122070312273
2018,5,17,-0.14999999999997726
2018,5,18,0.20000610351564774
2018,5,19,0.6000000000000227
2018,5,20,0.8999877929687727
2018,5,21,1.0500122070312727
2018,5,22,1.2499938964843977
2018,5,23,1.4500061035156477
2018,5,24,1.7000061035156477
2018,5,25,1.9500061035156477
2018,5,26,2.1000000000000227
2018,5,27,2.3500000000000227
2018,5,28,2.6500183105468977
2018,5,29,2.8000122070312727
2018,5,30,2.9999938964843977
2018,5,31,3.2499938964843977
2019,5,1,-1.7999938964843523
2019,5,2,-1.6999877929687273
2019,5,3,-1.6499999999999773
2019,5,4,-1.6000122070312273
2019,5,5,-1.5499938964843523
2019,5,6,-1.5499938964843523
2019,5,7,-1.4999755859374773
2019,5,8,-1.4499877929687273
2019,5,9,-1.4499877929687273
2019,5,10,-1.2999938964843523
2019,5,11,-1.1000122070312273
2019,5,12,-0.9499877929687273
2019,5,13,-0.7999938964843523
2019,5,14,-0.6499999999999773
2019,5,15,-0.44998779296872726
2019,5,16,-0.29999389648435226
2019,5,17,-0.14999999999997726
2019,5,18,0.10000000000002274
2019,5,19,0.35000000000002274
2019,5,20,0.6000000000000227
2019,5,21,0.9499755859375227
2019,5,22,1.2999816894531477
2019,5,23,1.5000244140625227
2019,5,24,1.6000000000000227
2019,5,25,1.7000061035156477
2019,5,26,1.7499938964843977
2019,5,27,1.8000122070312727
2019,5,28,1.9500061035156477
2019,5,29,2.1500183105468977
2019,5,30,2.3500000000000227
2019,5,31,2.4500061035156477
2020,5,1,-3.6250061035156023
2020,5,2,-5.199987792968727
2020,5,3,-2.7500061035156023
2020,5,4,-2.9249938964843523
2020,5,5,-2.1749938964843523
2020,5,6,-3.7500061035156023
2020,5,7,-4.324987792968727
2020,5,8,-0.5000061035156023
2020,5,9,-0.07501831054685226
2020,5,10,-0.6749938964843523
2020,5,11,-1.8500122070312273
2020,5,12,-0.04999389648435226
2020,5,13,-1.2500061035156023
2020,5,14,-0.7999938964843523
2020,5,15,-0.8250183105468523
2020,5,16,-0.6749938964843523
2020,5,17,-0.8750061035156023
2020,5,18,-0.42499389648435226
2020,5,19,-0.6499999999999773
2020,5,20,-1.7000183105468523
2020,5,21,-0.04999389648435226
2020,5,22,-1.5500244140624773
2020,5,23,-1.3500122070312273
2020,5,24,-1.2500061035156023
2020,5,25,-1.1499999999999773
2020,5,26,-0.9499877929687273
2020,5,27,-0.9499877929687273
2020,5,28,-0.7500061035156023
2020,5,29,-0.6499999999999773
2020,5,30,-0.44998779296872726
2020,5,31,-0.14999999999997726
2021,5,1,-8.100012207031227
2021,5,2,-2.2249816894531023
2021,5,3,-0.7749999999999773
2021,5,4,-3.0249999999999773
2021,5,5,-5.375006103515602
2021,5,6,-4.199987792968727
2021,5,7,-0.9500183105468523
2021,5,8,-1.6749938964843523
2021,5,9,-0.9249938964843523
2021,5,10,-0.10001220703122726
2021,5,11,-2.1499999999999773
2021,5,12,-1.4249938964843523
2021,5,13,-3.3999999999999773
2021,5,14,-0.25000610351560226
2021,5,15,-0.22501220703122726
2021,5,16,-1.3999999999999773
2021,5,17,-4.600012207031227
2021,5,18,-1.8249877929687273
2021,5,19,-4.799993896484352
2021,5,20,-1.1749938964843523
2021,5,21,-0.5249999999999773
2021,5,22,-0.6749938964843523
2021,5,23,-2.2000183105468523
2021,5,24,-1.3999999999999773
2021,5,25,-1.0499938964843523
2021,5,26,-0.9499877929687273
2021,5,27,-0.8500122070312273
2021,5,28,-0.7500061035156023
2021,5,29,-0.5499938964843523
2021,5,30,-0.35001220703122726
2021,5,31,-0.14999999999997726
2022,5,1,-1.3500122070312273
2022,5,2,-1.2500061035156023
2022,5,3,-1.0499938964843523
2022,5,4,-0.8500122070312273
2022,5,5,-0.7500061035156023
2022,5,6,-0.5499938964843523
2022,5,7,-0.44998779296872726
2022,5,8,-0.25000610351560226
2022,5,9,-0.14999999999997726
2022,5,10,-0.25000610351560226
2022,5,11,-0.14999999999997726
2022,5,12,-0.14999999999997726
2022,5,13,-0.14999999999997726
2022,5,14,-0.04999389648435226
2022,5,15,-0.04999389648435226
2022,5,16,0.14998779296877274
2022,5,17,0.24999389648439774
2022,5,18,0.35000000000002274
2022,5,19,0.45000610351564774
2022,5,20,0.5500122070312727
2022,5,21,0.6499877929687727
2022,5,22,0.7499938964843977
2022,5,23,0.8500000000000227
2022,5,24,0.8500000000000227
2022,5,25,0.9500061035156477
2022,5,26,1.1499877929687727
2022,5,27,1.2499938964843977
2022,5,28,1.4500061035156477
2022,5,29,1.4500061035156477
2022,5,30,1.5500122070312727
2022,5,31,1.6499877929687727
2023,5,1,-0.20001831054685226
2023,5,2,-1.4499877929687273
2023,5,3,-3.8250183105468523
2023,5,4,-6.350012207031227
2023,5,5,-5.225012207031227
2023,5,6,-5.399999999999977
2023,5,7,-7.999975585937477
2023,5,8,-2.6999877929687273
2023,5,9,-1.9750122070312273
2023,5,10,-2.0749877929687273
2023,5,11,-2.8999999999999773
2023,5,12,-5.350012207031227
2023,5,13,-3.0000061035156023
2023,5,14,-0.04999389648435226
2023,5,15,-1.8499816894531023
2023,5,16,-1.7500061035156023
2023,5,17,-1.7000183105468523
2023,5,18,-1.8499816894531023
2023,5,19,-1.7500061035156023
2023,5,20,-1.6499999999999773
2023,5,21,-1.6499999999999773
2023,5,22,-1.5499938964843523
2023,5,23,-1.4499877929687273
2023,5,24,-1.4499877929687273
2023,5,25,-1.3500122070312273
2023,5,26,-1.2500061035156023
2023,5,27,-1.1499999999999773
2023,5,28,-1.0499938964843523
2023,5,29,-0.9499877929687273
2023,5,30,-0.7500061035156023
2023,5,31,-0.6499999999999773
2024,5,1,-1.5249999999999773
2024,5,2,-0.6749938964843523
2024,5,3,-0.8500122070312273
2024,5,4,-0.5499938964843523
2024,5,5,-3.7499755859374773
2024,5,6,-9.324987792968727
2024,5,7,-10.049993896484352
2024,5,8,-5.700018310546852
2024,5,9,-1.3750061035156023
2024,5,10,-2.1499999999999773
2024,5,11,-2.8500122070312273
2024,5,12,-3.5249999999999773
2024,5,13,-3.6749938964843523
2024,5,14,-2.7999938964843523
2024,5,15,-0.14999999999997726
2024,5,16,-1.7749999999999773
2024,5,17,-1.5499938964843523
2024,5,18,-1.5499938964843523
2024,5,19,-1.5499938964843523
2024,5,20,-1.5499938964843523
2024,5,21,-1.4499877929687273
2024,5,22,-1.3500122070312273
2024,5,23,-1.2500061035156023
